Str1,elem,PP_radius_s,PP_radius_p,USFE,SurfEne,ISIS,Number,EleNeg_Miedema,EleDensity_Miedema,V0_Miedema,Period,Group,M_Num2,Mass,Radius_Coval,VaporHeat,Ion_Pot_1,Ion_Pot_2,Ion_Pot_3,Radius_vDW,EleNeg_Pauling,No_Spectral_lines,MaxR_Ele_in_Solid,Heat_Capacity,BoilingT,MeltingT,Heat_Fusion,Heat_Sublimation,CohEnergy,DebyeT,Therm_Conduc,Ele_Conduc,S298,Electron_Affinity,Y_wiki,B_wiki,G_wiki,WorkFunc,NsVal,NpVal,NdVal,Nval,NsUnfill,NpUnfill,NdUnfill,NUnfill,Va_Activa,DFTBh,DFTGh,DFTYoung,DFTv0,NDFTC11,NDFTC12,NDFTC44,DFTBhvGh,DFTGvb,DFTGV,DFTpoisson,ratio_bh,Gb2pih,BGsq,GGB32,PackingEff,SpaceGroup,NfVal,NfUnfill,Va_Form,DFTC11,DFTC12,DFTC44,DFTC13,DFTC33,NDFTCxx
bcc,Li,0.985,0.625,0.006,0.5,0.201,3,2.85,0.94,13,2,1,6,6.94,128,147,5.39,75.62,122.42,182,0.98,29,9.7,24744,1623,454,2985,160940,1.63,344,0.85,1.07,29.12,0.62,4.9,6,1.75,2.9,1,0,0,1,1,0,0,1,0.62,14.07,4.06,11.1,20.299,14.64,13.78,11.54,3.467,0.067,82.35,0.3684,1.224745,0.7908,1.862,0.3375,0.680175,229,0,0,0.53,14.64,13.78,11.54,13.78,14.64,7.84
bcc,Be,0.64,0.44,,0.96,14.001,4,5.05,4.66,4.9,2,2,12,9.01,96,297,9.32,18.21,153.85,153,1.57,61,2.8,16454.1,2744,1562,11723,325314,3.32,1440,2,3.08,9.5,-0.5,287,130,132,4.98,2,0,0,2,0,0,0,0,1.07,122.95,98.84,233.86,7.813,161.18,103.83,211.11,1.244,4.217,772.29,0.183,1.224745,19.2673,1.1153,63.8894,0.680175,194,0,0,1.07,161.18,103.83,211.11,103.83,161.18,150.3
bcc,Na,1.1,1.55,0.029,0.22,0.439,11,2.7,0.55,23.78,3,1,5,22.99,166,97.7,5.14,47.29,71.8,227,0.93,83,5.3,28219,1173,371,2600,108019,1.11,158,1.41,2.11,51.3,0.55,10,6.3,3.3,2.75,1,0,0,1,1,0,0,1,0.47,8.51,3.18,8.48,37.144,9.8,7.87,6.65,2.678,0.029,118.07,0.334,1.224745,0.6196,1.6366,0.4431,0.680175,229,0,0,0.36,9.8,7.87,6.65,7.87,9.8,4.75
bcc,K,1.54,2.15,0.017,0.11,0.113,19,2.25,0.27,45.63,4,1,4,39.1,203,76.9,4.34,31.81,45.9,275,0.82,87,6,29977.5,1049,336,2319.5,89974,0.93,91,1.02,1.39,64.68,0.5,3.42,3.1,1.3,2.3,1,0,0,1,1,0,0,1,0.34,3.36,1.11,3,73.736,3.7,3.19,2.61,3.022,0.005,81.99,0.351,1.224745,0.2168,1.7383,0.1218,0.680175,229,0,0,0.32,3.7,3.19,2.61,3.19,3.7,1.82
bcc,V,1.09,1.34,0.608,2.47,5.157,23,4.25,4.41,8.36,4,5,50,50.94,153,453,6.74,14.2,29.7,179,1.63,497,0.84,24744,3665,2202,17584.6,514558,5.31,380,0.31,0.5,30.89,0.528,128,160,47,4.3,2,0,3,5,0,0,7,7,3.3,187.19,30.42,86.56,13.453,272.03,144.77,17.63,6.154,0.754,409.19,0.4229,1.224745,5.9288,2.4808,0.803,0.680175,229,0,0,2.63,272.03,144.77,17.63,144.77,272.03,32.97
bcc,Cr,1.07,1.37,1.599,3.35,19.006,24,4.65,5.18,7.23,4,6,53,52,139,339,6.76,16.49,31,189,1.66,1133,0.72,23273.6,2840,2133,13816.4,396071,4.1,630,0.94,0.78,23.54,0.676,279,160,115,4.5,1,0,5,6,1,0,5,6,4.08,131.48,61.26,159.08,11.575,247.63,73.41,48.25,2.146,1.764,709.1,0.2984,1.224745,11.9414,1.465,13.2993,0.680175,229,0,0,2.94,247.63,73.41,48.25,73.41,247.63,61.2
bcc,Fe,0.95,1.16,0.807,2.53,7.555,26,4.93,5.55,7.09,4,8,59,55.85,132,347,7.9,16.18,30.64,194,1.83,3045,0.66,25078.9,3160,1811,15365.6,417843,4.28,470,0.8,1.02,27.28,0.153,211,170,82,4.5,2,0,6,8,0,0,4,4,3.3,192.27,80.66,212.29,11.358,279.16,148.83,93.02,2.384,2.367,916.08,0.316,1.224745,15.7222,1.544,14.1939,0.680175,229,0,0,2.41,279.16,148.83,93.02,148.83,279.16,83.74
bcc,Rb,1.67,2.43,0.007,0.08,0.068,37,2.1,0.22,56.07,5,1,3,85.47,220,71,4.18,27.56,40,303,0.82,97,3.4,30898.6,978,313,2344.6,81684,0.85,56,0.58,0.8,76.78,0.486,2.4,2.5,0.63,2.16,1,0,0,1,1,0,0,1,0.32,2.83,0.82,2.25,90.81,3.05,2.72,2.02,3.44,0.003,74.71,0.3675,1.224745,0.1604,1.8547,0.0695,0.680175,229,0,0,0.29,3.05,2.72,2.02,2.72,3.05,1.4
bcc,Sr,1.42,2.43,0.01,0.36,0.103,38,2.4,0.59,33.93,5,2,9,87.62,195,137,5.69,11.03,43.6,249,0.95,92,2,27214.2,1630,1042,9211,163704,1.72,147,0.35,0.47,55.69,0.052,15.6,11.9,6.1,2.59,2,0,0,2,0,0,0,0,1.25,12.45,6.43,16.46,53.242,14.62,11.37,14.56,1.936,0.04,342.5,0.2797,1.224745,1.2539,1.3914,1.7166,0.680175,225,0,0,0.93,14.62,11.37,14.56,11.37,14.62,10.25
bcc,Nb,1.23,2.43,0.598,2.15,5.855,41,4.05,4.41,10.8,5,5,49,92.91,164,690,6.88,13.9,28.1,207,1.6,450,0.6,24911.5,5115,2750,26795.5,722223,7.57,275,0.54,0.69,36.27,0.917,105,170,38,4.3,1,0,4,5,1,0,6,7,3.62,175.73,25.01,71.62,18.342,247.23,139.98,14.16,7.027,0.454,458.67,0.4321,1.224745,4.8744,2.6509,0.5064,0.680175,229,0,0,2.94,247.23,139.98,14.16,139.98,247.23,27.32
bcc,Mo,1.22,2.43,1.368,2.91,15.436,42,4.65,5.55,9.4,5,6,52,95.94,154,600,7.13,15.72,29.6,209,2.16,292,0.5,23781,5100,2895,27632.9,662770,6.82,450,1.38,1.89,28.56,0.747,329,230,120,4.6,1,0,5,6,1,0,5,6,4.45,265.44,117.49,307.16,15.956,465.96,165.18,99.54,2.259,2.455,1874.72,0.3071,1.224745,22.9024,1.5031,23.0205,0.680175,229,0,0,2.95,465.96,165.18,99.54,165.18,465.96,116.49
bcc,Cs,1.71,2.43,0.006,0.06,0.03,55,1.95,0.17,69.23,6,1,2,132.9,244,64,3.89,25.1,34.6,343,0.79,113,2.7,31401,959,302,2135.3,77037,0.8,38,0.36,0.5,85.23,0.472,1.7,1.6,0.7,2.14,1,0,0,1,1,0,0,1,0.43,2.02,0.52,1.43,115.892,2.11,1.98,1.43,3.906,0.001,60.04,0.382,1.224745,0.101,1.9763,0.034,0.680175,229,0,0,0.29,2.11,1.98,1.43,1.98,2.11,0.97
bcc,Ba,1.515,2.43,0.11,0.31,0.349,56,2.32,0.53,38.1,6,2,8,137.33,215,140,2.81,10,37,268,0.89,223,1.5,28302.8,1907,983,7661.8,174589,1.9,110,0.18,0.26,62.5,0.145,13,9.6,4.9,2.7,2,0,0,2,0,0,0,0,1.34,9.17,5.85,14.47,62.47,12.33,7.59,10.53,1.568,0.031,365.31,0.237,1.224745,1.1399,1.2522,2.3781,0.680175,229,0,0,1.09,12.33,7.59,10.53,7.59,12.33,7.81
bcc,Eu,,,,0.45,1.01,63,3.2,1.77,19.97,6,9,28,151.96,198,175,5.61,11.24,24.56,233,1.185,272,0.97,26795.5,1703,1091,10467,182544,1.86,118,0.14,0.11,80.79,0.116,18,8.3,7.9,2.5,2,0,0,9,0,0,0,7,1.92,13.4,9.53,23.11,43.885,18.5,10.85,17.26,1.406,0.072,418.28,0.2125,1.224745,1.8579,1.1857,4.8224,0.680175,229,7,7,1.92,18.5,10.85,17.26,10.85,18.5,12.78
bcc,Ta,1.25,1.54,0.661,2.42,5.297,73,4.05,4.33,10.81,6,5,48,180.95,170,736,7.7,16.2,22,217,1.5,613,0.32,24455.7,5565,3293,31401,780838,8.1,240,0.58,0.76,41.47,0.323,186,200,69,4.25,2,0,3,19,0,0,7,7,4.14,197.12,60.3,164.17,18.313,260.87,165.24,70.43,3.269,1.098,1104.38,0.3612,1.224745,11.7548,1.8079,5.6442,0.680175,229,14,0,3.1,260.87,165.24,70.43,165.24,260.87,62.89
bcc,W,1.22,1.515,1.629,3.34,16.974,74,4.8,5.93,9.55,6,6,51,183.85,162,800,7.98,17.7,24,210,2.36,502,0.27,24785.9,5645,3695,35252.9,845315,8.9,400,1.74,1.89,32.62,0.816,411,310,161,4.55,2,0,4,20,0,0,6,6,5.54,307.08,146.6,379.42,16.229,517.76,201.74,139.45,2.095,3.011,2379.19,0.2941,1.224745,28.5758,1.4473,33.4114,0.680175,229,14,0,3.39,517.76,201.74,139.45,201.74,517.76,145.64
bcc,Hg,1.07,1.34,0.025,,0.212,80,4.2,1.91,14.08,6,12,69,200.59,132,59.2,10.43,18.75,34.2,155,2,131,0.36,28009.7,630,234.3,2298.6,61378,0.67,71.9,0.08,0.1,75.9,-0.5,12,13,4.6,4.48,2,0,10,26,0,0,0,0,0.42,17.3,3.15,8.92,28.978,19.3,16.3,5.16,5.486,0.036,91.39,0.4141,1.224745,0.6147,2.3422,0.1048,0.680175,166,14,0,0.27,19.3,16.3,5.16,16.3,19.3,3.94
bcc,Tl,1.015,1.22,0.069,0.22,0.843,81,3.9,1.4,17.23,6,13,72,204.38,145,165,6.11,20.42,29.8,196,1.62,80,0.43,26335,1745,577,4270.5,180032,1.88,78.5,0.46,0.61,64.3,0.32,8,43,2.8,3.84,2,1,10,27,0,5,0,5,1.03,31.25,6.19,17.41,31.2,34.52,29.62,11.29,5.051,0.066,193.05,0.4071,1.224745,1.2061,2.2475,0.2425,0.680175,194,14,0,0.49,34.52,29.62,11.29,29.62,34.52,8.34
fcc,Li,0.985,0.625,0.017,0.5,0.153,3,2.85,0.94,13,2,1,6,6.94,128,147,5.39,75.62,122.42,182,0.98,29,9.7,24744,1623,454,2985,160940,1.63,344,0.85,1.07,29.12,0.62,4.9,6,1.75,2.9,1,0,0,1,1,0,0,1,0.72,13.37,4.61,12.41,20.298,16.22,11.95,7.67,2.901,0.076,93.59,0.3454,0.707107,0.5189,1.7031,0.548,0.740481,229,0,0,0.62,16.22,11.95,7.67,11.95,16.22,5.82
fcc,Be,0.64,0.44,0.223,,5.22,4,5.05,4.66,4.9,2,2,12,9.01,96,297,9.32,18.21,153.85,153,1.57,61,2.8,16454.1,2744,1562,11723,325314,3.32,1440,2,3.08,9.5,-0.5,287,130,132,4.98,2,0,0,2,0,0,0,0,1.07,116.75,96.09,226.2,7.87,191.25,79.5,138.14,1.215,4.07,756.16,0.1771,0.707107,10.8136,1.1023,65.0843,0.740481,194,0,0,0.1,191.25,79.5,138.14,79.5,191.25,110.72
fcc,Na,1.1,1.55,0.008,0.22,0.092,11,2.7,0.55,23.78,3,1,5,22.99,166,97.7,5.14,47.29,71.8,227,0.93,83,5.3,28219,1173,371,2600,108019,1.11,158,1.41,2.11,51.3,0.55,10,6.3,3.3,2.75,1,0,0,1,1,0,0,1,0.51,7.39,3.48,9.02,37.143,9.54,6.31,5.78,2.123,0.031,129.24,0.2964,0.707107,0.3916,1.457,0.7721,0.740481,229,0,0,0.43,9.54,6.31,5.78,6.31,9.54,4.39
fcc,Mg,0.9,1.13,0.037,,0.612,12,3.45,1.6,14,3,2,11,24.31,141,128,7.64,15.03,78.2,173,1.31,98,3,24911.5,1376,922,8959.8,147375,1.51,400,1.56,2.33,32.67,-0.4,45,45,17,3.66,2,0,0,2,0,0,0,0,1.33,34.83,13.64,36.21,23.068,42.84,30.83,23.41,2.553,0.197,314.75,0.3268,0.707107,1.5356,1.5978,2.0936,0.740481,194,0,0,0.89,42.84,30.83,23.41,30.83,42.84,17.6
fcc,Al,0.77,0.905,0.158,0.8,2.662,13,4.2,2.7,10,3,13,75,26.98,121,293,5.98,18.82,28.44,184,1.61,116,1.9,24367.2,2621,933,10676.3,314010,3.39,428,2.37,3.65,28.3,0.433,70,76,26,4.28,2,1,0,3,0,5,0,5,1.36,74.33,23.06,62.69,16.578,100.99,61,25.36,3.224,0.464,382.26,0.3594,0.707107,2.5949,1.7954,2.2189,0.740481,225,0,0,0.74,100.99,61,25.36,61,100.99,23.57
fcc,K,1.54,2.15,0.008,0.11,0.046,19,2.25,0.27,45.63,4,1,4,39.1,203,76.9,4.34,31.81,45.9,275,0.82,87,6,29977.5,1049,336,2319.5,89974,0.93,91,1.02,1.39,64.68,0.5,3.42,3.1,1.3,2.3,1,0,0,1,1,0,0,1,0.49,3.67,1.26,3.38,73.934,4.15,3.43,2.7,2.92,0.006,92.94,0.3463,0.707107,0.1415,1.7087,0.1475,0.740481,229,0,0,0.38,4.15,3.43,2.7,3.43,4.15,1.92
fcc,Ca,1.32,1.68,0.033,0.47,0.219,20,2.55,0.75,26.2,4,2,10,40.08,176,155,6.11,11.87,51.21,231,1,163,3.3,26376.8,1762,1113,8666.7,176264,1.84,230,2,2.78,41.59,0.025,20,17,7.4,2.87,2,0,0,2,0,0,0,0,1.75,17.54,7.72,20.2,41.808,22.11,15.26,13.18,2.273,0.062,322.73,0.3081,0.707107,0.8687,1.5075,1.4947,0.740481,225,0,0,1.21,22.11,15.26,13.18,15.26,22.11,9.93
fcc,Sc,1.22,1.53,0.064,1.17,1.259,21,3.25,2.05,15.03,4,3,16,44.96,170,318,6.56,12.89,24.75,211,1.36,93,1.7,25162.7,2900,1814,16119.2,338293,3.9,360,0.16,0.21,34.64,0.188,74.4,56.6,29.1,3.4,2,0,1,3,0,0,9,9,2.54,53.08,23.68,61.84,24.442,71.59,43.82,33.85,2.242,0.323,578.72,0.3058,0.707107,2.6646,1.4972,4.7116,0.740481,194,0,0,1.84,71.59,43.82,33.85,43.82,71.59,27.2
fcc,Ti,1.15,1.43,0.076,,1.781,22,3.8,3.51,10.58,4,4,47,47.87,160,425,3.83,13.57,28.14,187,1.54,568,1.1,25037.1,3442,1946,15491.2,472271,4.85,420,0.22,0.23,30.72,0.076,116,110,44,4.33,2,0,2,4,0,0,8,8,2.48,111.08,36.63,99.01,17.268,137.11,98.06,55.75,3.032,0.707,632.55,0.3514,0.707107,4.1224,1.7414,3.9837,0.740481,194,0,0,2.07,137.11,98.06,55.75,98.06,137.11,43.68
fcc,Mn,0.99,1.23,0.166,,5.88,25,4.45,4.17,7.35,4,7,56,54.94,139,220,7.43,15.64,33.69,197,1.55,579,0.71,26335,3292,1520,14653.8,293495,2.92,410,0.08,0.072,32.22,-0.5,198,120,76.4,4.1,2,0,5,7,0,0,5,5,3.24,221.38,78.63,210.92,10.789,310.81,176.67,87.44,2.816,2.429,848.36,0.3412,0.707107,8.849,1.6779,9.9192,0.740481,217,0,0,2.64,310.81,176.67,87.44,176.67,310.81,80.65
fcc,Fe,0.95,1.16,0.47,,10.123,26,4.93,5.55,7.09,4,8,59,55.85,132,347,7.9,16.18,30.64,194,1.83,3045,0.66,25078.9,3160,1811,15365.6,417843,4.28,470,0.8,1.02,27.28,0.153,211,170,82,4.5,2,0,6,8,0,0,4,4,3.3,193.07,171.02,396.11,10.448,342.25,118.48,227.31,1.129,5.457,1786.8,0.1581,0.707107,19.2471,1.0625,134.1986,0.740481,229,0,0,2.36,342.25,118.48,227.31,118.48,342.25,188.83
fcc,Co,0.92,1.1,0.23,2.15,4.952,27,5.1,5.36,6.7,4,9,62,58.93,126,375,7.86,17.05,33.49,192,1.88,920,0.58,24660.3,3150,1770,15240,425379,4.39,445,1,1.72,30.04,0.662,209,180,75,5,2,0,7,9,0,0,3,3,3.27,213.45,102.91,265.99,10.901,296.59,171.88,143.98,2.074,3.147,1121.84,0.2923,0.707107,11.5819,1.4402,23.9242,0.740481,194,0,0,2.05,296.59,171.88,143.98,171.88,296.59,116.77
fcc,Ni,0.96,1.22,0.279,2.04,5.39,28,5.2,5.36,6.6,4,10,65,58.69,124,378,7.63,18.15,36.16,163,1.91,505,0.57,26083.8,3110,1728,17626.4,424123,4.44,450,0.91,1.43,29.8,1.157,200,180,76,5.15,2,0,8,10,0,0,2,2,2.92,198.54,92.26,239.65,10.92,275.49,160.07,126.35,2.152,2.816,1007.47,0.2988,0.707107,10.3824,1.467,19.9189,0.740481,225,0,0,1.65,275.49,160.07,126.35,160.07,275.49,103.47
fcc,Cu,0.88,1.16,0.146,1.42,2.329,29,4.45,3.18,7.12,4,11,68,63.55,132,300,7.72,20.29,36.83,140,1.9,353,0.58,24492.8,3150,1358,13062.8,338712,3.49,343,4.01,5.88,33.15,1.236,130,140,48,4.51,1,0,10,11,1,0,0,1,2.05,140.17,49.59,133.07,12.025,174.82,122.84,76.3,2.827,1.375,596.3,0.3418,0.707107,5.5808,1.6812,6.207,0.740481,225,0,0,1.24,174.82,122.84,76.3,122.84,174.82,59.53
fcc,Rb,1.67,2.43,0.001,,0.006,37,2.1,0.22,56.07,5,1,3,85.47,220,71,4.18,27.56,40,303,0.82,97,3.4,30898.6,978,313,2344.6,81684,0.85,56,0.58,0.8,76.78,0.486,2.4,2.5,0.63,2.16,1,0,0,1,1,0,0,1,0.48,2.81,0.92,2.49,91.107,3.22,2.61,1.85,3.052,0.003,83.97,0.3523,0.707107,0.1037,1.7471,0.0989,0.740481,229,0,0,0.25,3.22,2.61,1.85,2.61,3.22,1.34
fcc,Sr,1.42,1.79,0.022,0.35,0.111,38,2.4,0.59,33.93,5,2,9,87.62,195,137,5.69,11.03,43.6,249,0.95,92,2,27214.2,1630,1042,9211,163704,1.72,147,0.35,0.47,55.69,0.052,15.6,11.9,6.1,2.59,2,0,0,2,0,0,0,0,1.57,12.01,6.86,17.28,53.911,14.98,10.52,13.88,1.751,0.042,369.62,0.2601,0.707107,0.7716,1.3233,2.2356,0.740481,225,0,0,1.05,14.98,10.52,13.88,10.52,14.98,10
fcc,Y,1.32,1.62,0.084,0.95,1.486,39,3.2,1.77,19.9,5,3,15,88.91,190,380,6.38,12.23,20.5,219,1.22,98,1.1,25162.7,3610,1801,17165.9,376812,4.37,280,0.17,0.17,44.43,0.307,63.5,41.2,25.6,3.1,2,0,1,3,0,0,9,9,2.62,40.3,23.48,58.98,32.175,59.3,30.8,32.81,1.716,0.243,755.43,0.2561,0.707107,2.6423,1.3101,7.9692,0.740481,194,0,0,1.84,59.3,30.8,32.81,30.8,59.3,26.62
fcc,Zr,1.265,1.56,0.06,1.51,1.369,40,3.45,2.8,14,5,4,46,91.22,175,580,6.84,12.92,24.8,186,1.33,134,0.8,25162.7,4598,2128,22915.2,610435,6.25,291,0.23,0.24,39.18,0.433,68,98.4,33,4.05,2,0,2,4,0,0,8,8,2.56,93.14,31.1,83.95,23.242,116.5,81.46,45.65,2.995,0.446,722.77,0.3498,0.707107,3.4997,1.7306,3.4667,0.740481,194,0,0,2.15,116.5,81.46,45.65,81.46,116.5,36.27
fcc,Tc,1.16,1.49,0.239,,7.704,43,5.3,5.93,8.64,5,7,55,97.91,147,550,7.23,14.87,31.9,209,1.9,100,0.45,24283.4,4200,2477,23027.4,648954,6.85,440,0.51,0.7,32.99,0.55,322,281,123,4.9,2,0,5,7,0,0,5,5,4.07,300.01,140.07,363.63,14.694,437.7,231.17,171.8,2.142,3.178,2058.25,0.298,0.707107,15.7637,1.4635,30.5338,0.740481,194,0,0,2.92,437.7,231.17,171.8,231.17,437.7,148.95
fcc,Ru,1.145,1.46,0.536,1.99,14.255,44,5.4,6.13,8.2,5,8,58,101.07,146,580,7.36,16.6,30.3,207,2.2,763,0.43,23864.8,4500,2527,25539.5,667794,6.74,600,1.17,1.35,28.61,1.046,447,220,173,4.71,1,0,7,8,1,0,3,4,5.22,308.82,187.48,467.78,13.941,479.14,223.66,242.47,1.647,4.483,2613.73,0.2475,0.707107,21.099,1.2834,69.0971,0.740481,194,0,0,2.95,479.14,223.66,242.47,223.66,479.14,204.22
fcc,Rh,1.11,1.41,0.437,2.12,10.472,45,5.4,5.45,8.3,5,9,61,102.91,142,495,7.46,15.92,32.8,195,2.28,347,0.41,25581.4,3940,2236,21771.4,554332,5.75,480,1.5,2.08,31.56,1.143,275,380,150,4.98,1,0,8,9,1,0,2,3,4.19,258.76,145.97,368.6,14.204,405.3,185.49,176.51,1.773,3.426,2073.33,0.2626,0.707107,16.4273,1.3314,46.4505,0.740481,225,0,0,2.01,405.3,185.49,176.51,185.49,405.3,154.31
fcc,Pd,1.08,1.37,0.19,1.45,1.845,46,5.45,4.66,8.9,5,10,64,106.42,139,380,8.33,19.42,33,202,2.2,159,0.43,20808.4,3385,1827,16747.2,397327,3.89,274,0.72,0.95,37.82,0.562,121,180,44,5.12,0,0,10,10,0,0,0,0,2.52,169.78,43.34,119.81,15.521,198.02,155.66,69.71,3.918,0.931,672.62,0.3824,0.707107,4.877,1.9793,2.8233,0.740481,225,0,0,1.4,198.02,155.66,69.71,155.66,198.02,53.53
fcc,Ag,1.045,1.33,0.091,0.79,1.273,47,4.35,2.52,10.25,5,11,67,107.87,145,255,7.57,21.48,36.1,172,1.93,145,0.49,25497.6,2436,1235,11304.4,285121,2.95,225,4.29,6.21,42.55,1.3,83,100,30,4.26,1,0,10,11,1,0,0,1,1.71,95.39,28.14,76.87,17.98,115.91,85.13,42.13,3.389,0.522,506.04,0.3657,0.707107,3.1674,1.841,2.4501,0.740481,225,0,0,1.01,115.91,85.13,42.13,85.13,115.91,33.22
fcc,Cs,1.71,2.6,0.002,,0.012,55,1.95,0.17,69.23,6,1,2,132.9,244,64,3.89,25.1,34.6,343,0.79,113,2.7,31401,959,302,2135.3,77037,0.8,38,0.36,0.5,85.23,0.472,1.7,1.6,0.7,2.14,1,0,0,1,1,0,0,1,0.48,1.88,0.61,1.66,116.499,2.17,1.74,1.19,3.08,0.002,71.23,0.3535,0.707107,0.0688,1.755,0.0644,0.740481,229,0,0,0.34,2.17,1.74,1.19,1.74,2.17,0.86
fcc,Ba,1.515,1.887,0.001,,0.013,56,2.32,0.53,38.1,6,2,8,137.33,215,140,2.81,10,37,268,0.89,223,1.5,28302.8,1907,983,7661.8,174589,1.9,110,0.18,0.26,62.5,0.145,13,9.6,4.9,2.7,2,0,0,2,0,0,0,0,1.43,8.35,4.08,10.52,63.161,9.56,7.74,9.67,2.046,0.022,257.69,0.2898,0.707107,0.4591,1.4303,0.9747,0.740481,229,0,0,1.14,9.56,7.74,9.67,7.74,9.56,6.75
fcc,La,1.375,1.705,0.077,0.71,1.331,57,3.17,1.64,22.55,6,3,14,138.91,207,400,5.61,11.43,19.17,240,1.1,293,0.83,27842.2,3643,1194,11304.4,418680,4.47,142,0.14,0.13,56.9,0.558,37,28,14,3.5,2,0,1,3,0,0,9,9,1.52,25.68,14.83,37.31,36.499,39.63,18.7,18.74,1.731,0.135,541.41,0.2578,0.707107,1.6694,1.3157,4.9505,0.740481,194,0,0,1.52,39.63,18.7,18.74,18.7,39.63,15.98
fcc,Ce,,,0.076,1.09,1.268,58,3.18,1.69,21.62,6,4,18,140.12,204,350,6.54,12.31,19.87,235,1.12,133,0.63,26963,3743,1072,9211,314010,4.32,179,0.11,0.12,69.45,0.57,34,22,14,2.9,2,0,1,4,0,0,9,22,1.86,41.73,38.09,87.62,26.375,71.92,26.64,53.98,1.096,0.481,1004.71,0.1501,0.707107,4.287,1.0467,31.7381,0.740481,194,1,13,1.63,71.92,26.64,53.98,26.64,71.92,43.53
fcc,Pr,,,0.085,,1.352,59,3.19,1.73,20.79,6,5,20,140.91,203,330,5.76,11.54,20.96,239,1.13,244,0.8,27004.9,3290,1205,10048.3,356297,3.7,152,0.12,0.15,73.93,0.109,37,29,15,2.96,2,0,0,5,0,0,0,11,1.98,32.39,16.9,43.18,36.222,46.02,25.57,23.66,1.917,0.155,612.06,0.2778,0.707107,1.9016,1.3844,4.5997,0.740481,194,3,11,1.69,46.02,25.57,23.66,25.57,46.02,19.18
fcc,Nd,,,0.094,,1.476,60,3.19,1.73,20.58,6,6,22,144.24,201,285,6.31,12.09,20.51,229,1.14,117,0.77,27507.3,3384,1290,10885.7,321128,3.4,163,0.16,0.17,71.09,0.097,41,32,16,3.2,2,0,0,6,0,0,0,10,2.15,34.89,19.72,49.78,35.188,51.11,26.78,27.26,1.769,0.187,693.9,0.2622,0.707107,2.2193,1.3301,6.2996,0.740481,194,4,10,1.74,51.11,26.78,27.26,26.78,51.11,22.23
fcc,Pm,,,0.1,,1.601,61,3.19,1.77,20.25,6,7,24,145,199,290,5.9,11.7,22,236,1.155,58,0.73,27214.2,3473,1300,12560.4,293076,2.77,166,0.15,0.18,70.29,0.129,46,33,18,3.1,2,0,0,7,0,0,0,9,2.31,36.68,21.46,53.87,34.266,54.43,27.81,29.55,1.71,0.209,735.21,0.2553,0.707107,2.4147,1.3076,7.3403,0.740481,194,5,9,1.8,54.43,27.81,29.55,27.81,54.43,24.14
fcc,Sm,,,0.104,,1.681,62,3.2,1.77,20.01,6,8,26,150.36,198,175,5.56,11.4,24,229,1.17,503,0.69,28302.8,1943,1346,11095,209340,2.14,169,0.13,0.1,69.5,0.162,50,38,20,2.85,2,0,0,8,0,0,0,8,2.42,37.6,22.49,56.25,33.596,56.24,28.28,30.93,1.672,0.223,755.55,0.2507,0.707107,2.5309,1.293,8.0455,0.740481,166,6,8,1.81,56.24,28.28,30.93,28.28,56.24,25.28
fcc,Eu,,,0.106,,1.732,63,3.2,1.77,19.97,6,9,28,151.96,198,175,5.61,11.24,24.56,233,1.185,272,0.97,26795.5,1703,1091,10467,182544,1.86,118,0.14,0.11,80.79,0.116,18,8.3,7.9,2.5,2,0,0,9,0,0,0,7,2.5,12.75,5.5,14.42,45.001,13.35,12.45,16.23,2.319,0.041,247.46,0.3115,0.707107,0.6189,1.5227,1.0229,0.740481,229,7,7,1.83,13.35,12.45,16.23,12.45,13.35,10.97
fcc,Gd,,,0.106,,1.777,64,3.2,1.77,19.9,6,10,30,157.25,196,305,5.98,12,23,237,1.2,206,0.65,36508.9,3073,1587,15491.2,216457,4.14,200,0.11,0.07,67.95,0.137,55,38,22,3.17,2,0,1,10,0,0,9,16,2.57,40.6,24.95,62.12,32.237,61.32,30.24,34.26,1.628,0.258,804.19,0.245,0.707107,2.8074,1.2757,9.4177,0.740481,194,7,7,1.84,61.32,30.24,34.26,30.24,61.32,28.02
fcc,Tb,,,0.105,0.98,1.8,65,3.21,1.82,19.32,6,11,32,158.93,194,295,6.74,12.52,22.04,221,1.21,129,0.63,27381.7,2743,1632,16328.5,301450,4.05,176,0.11,0.09,73.3,0.131,56,38.7,22,3.15,2,0,0,11,0,0,0,5,2.6,41.73,25.96,64.51,31.679,63.52,30.84,35.41,1.608,0.273,822.42,0.2424,0.707107,2.9217,1.2679,10.0464,0.740481,194,9,5,1.84,63.52,30.84,35.41,30.84,63.52,29.05
fcc,Dy,,,0.104,,1.815,66,3.21,1.82,19,6,12,34,162.5,192,280,5.8,12.6,21.83,229,1.22,117,0.61,27256.1,2603,1684,17165.9,298100,3.04,210,0.11,0.11,75.56,0.352,61,41,25,3.25,2,0,0,12,0,0,0,4,2.65,42.37,26.72,66.24,31.152,65.11,31,36.11,1.586,0.286,832.44,0.2394,0.707107,3.0073,1.2592,10.6293,0.740481,194,10,4,1.84,65.11,31,36.11,31,65.11,29.76
fcc,Ho,,,0.104,,1.82,67,3.22,1.82,18.76,6,13,36,164.93,192,265,5.85,12.7,22.1,216,1.23,58,0.59,27256.1,2763,1745,17165.9,314010,3.14,190,0.16,0.13,75.02,0.338,65,40,26,3.22,2,0,0,13,0,0,0,3,2.65,43.28,27.29,67.64,30.676,66.94,31.45,36.41,1.586,0.296,837.02,0.2395,0.707107,3.0707,1.2594,10.8451,0.740481,194,11,3,1.83,66.94,31.45,36.41,31.45,66.94,30.19
fcc,Er,,,0.1,,1.847,68,3.22,1.86,18.45,6,14,38,167.26,189,285,6.11,12.5,23,235,1.24,79,0.57,28135.3,2693,1797,17165.9,293076,3.29,188,0.14,0.12,73.18,0.312,70,44,28,3.25,2,0,0,14,0,0,0,2,2.67,43.54,27.53,68.21,30.199,67.94,31.34,36.2,1.582,0.304,831.38,0.2389,0.707107,3.0982,1.2576,11.0061,0.740481,194,12,2,1.82,67.94,31.34,36.2,31.34,67.94,30.24
fcc,Yb,,,0.043,0.46,0.264,70,3.22,1.86,17.97,6,16,42,173.04,187,160,5.9,12.1,25.61,221,1.27,159,0.73,25120.8,1593,1098,9211,167472,1.6,120,0.35,0.38,59.83,-0.02,24,31,9.9,3,2,0,0,16,0,0,0,0,1.27,15.33,9.49,23.6,40.453,20,13,18,1.616,0.078,383.78,0.2465,0.707107,1.0677,1.2713,3.6319,0.740481,225,14,0,1.27,20,13,18,13,20,13.17
fcc,Hf,1.3,1.61,0.098,1.54,2.411,72,3.6,3.05,13.45,6,4,45,178.49,175,630,5.5,14.9,21,212,1.3,151,0.39,25539.5,3473,2504,21771.4,607086,6.44,252,0.23,0.33,43.56,0.178,78,110,30,3.9,2,0,2,18,0,0,8,8,3.14,104.05,45.83,119.89,22.392,142.15,85,62.91,2.27,0.682,1026.29,0.308,0.707107,5.158,1.5067,8.8927,0.740481,194,14,0,2.29,142.15,85,62.91,85,142.15,51.46
fcc,Re,1.19,1.49,0.354,,11.108,75,5.2,6.33,8.85,6,7,54,186.21,151,705,7.87,16.6,26,217,1.9,283,0.25,25707,5915,3459,33075.7,776233,8.03,430,0.48,0.54,36.53,0.06,463,370,178,4.87,2,0,5,21,0,0,5,5,5.59,371.11,184.63,475.1,15.043,564.56,274.38,216.93,2.01,4.091,2777.33,0.2866,0.707107,20.7783,1.4177,45.7001,0.740481,194,14,0,3.35,564.56,274.38,216.93,274.38,564.56,192.98
fcc,Os,1.17,1.48,0.779,,19.971,76,5.4,6.33,8.45,6,8,57,190.2,144,630,8.7,17,25,216,2.2,346,0.23,24911.5,5573,3306,29307.6,730597,8.17,500,0.88,1.1,32.64,1.078,560,462,222,4.83,2,0,6,22,0,0,4,4,6.89,398.15,223.84,565.53,14.419,580.2,307.12,311.75,1.779,5.175,3227.49,0.2633,0.707107,25.1906,1.3337,70.7476,0.740481,194,14,0,3.39,580.2,307.12,311.75,307.12,580.2,253.35
fcc,Ir,1.16,1.468,0.616,2.53,15.467,77,5.55,6.13,8.52,6,9,60,192.22,141,560,9.2,17,27,202,2.2,169,0.23,25120.8,4450,2720,26376.8,633463,6.94,420,1.47,1.96,35.51,1.564,528,320,210,5.27,2,0,7,23,0,0,3,3,4.74,348.24,216.35,537.7,14.616,580.82,231.95,249.85,1.61,4.934,3162.05,0.2427,0.707107,24.3477,1.2687,83.5032,0.740481,225,14,0,1.89,580.82,231.95,249.85,231.95,580.82,224.71
fcc,Pt,1.24,1.46,0.102,1.6,1.5,78,5.65,5.64,9.1,6,10,63,195.08,136,490,8.96,18.54,29,209,2.28,171,0.24,25916.3,3980,2045,19678,564381,5.84,240,0.72,0.96,41.63,2.125,168,230,61,5.65,1,0,9,24,1,0,1,2,2.37,249.17,43.87,124.32,15.833,296.36,225.58,50.65,5.679,0.924,694.63,0.4168,0.707107,4.9374,2.3832,1.3601,0.740481,225,14,0,0.84,296.36,225.58,50.65,225.58,296.36,45.56
fcc,Au,1.21,1.45,0.054,0.75,0.721,79,5.15,3.87,10.2,6,11,66,196.97,136,330,9.22,20.5,30,166,2.54,147,0.27,25413.9,3120,1336,12372,787118,3.81,165,3.17,4.55,47.49,2.309,78,180,27,5.1,1,0,10,25,1,0,0,1,1.35,144.15,19.21,55.18,18.191,159.07,136.69,27.59,7.503,0.352,349.47,0.4362,0.707107,2.1621,2.7392,0.3412,0.740481,225,14,0,0.57,159.07,136.69,27.59,136.69,159.07,22.13
fcc,Pb,0.96,1.13,0.067,0.28,1.016,82,4.1,1.52,18.28,6,14,77,207.2,146,178,7.42,15.03,31.93,202,2.33,104,0.45,26460.6,2024,600.7,4777.1,196361,2.03,105,0.35,0.48,64.8,0.357,16,46,5.6,4.25,2,2,10,28,0,4,0,4,1.07,65.21,15.74,43.7,31.931,75.18,60.22,25.76,4.143,0.164,502.5,0.3883,0.707107,1.7711,2.0356,0.9166,0.740481,225,14,0,0.53,75.18,60.22,25.76,60.22,75.18,19.67
hcp,Li,0.985,0.625,0.022,0.5,0.397,3,2.85,0.94,13,2,1,6,6.94,128,147,5.39,75.62,122.42,182,0.98,29,9.7,24744,1623,454,2985,160940,1.63,344,0.85,1.07,29.12,0.62,4.9,6,1.75,2.9,1,0,0,1,1,0,0,1,0.75,13.44,3.28,9.1,20.333,21.28,9.52,2.33,4.098,0.054,66.69,0.3871,1.223451,0.6387,2.0244,0.1953,0.740481,229,0,0,0.61,19.01,13.05,2.01,7.76,25.82,2.98
hcp,Be,0.64,0.44,0.809,1.9,15.09,4,5.05,4.66,4.9,2,2,12,9.01,96,297,9.32,18.21,153.85,153,1.57,61,2.8,16454.1,2744,1562,11723,325314,3.32,1440,2,3.08,9.5,-0.5,287,130,132,4.98,2,0,0,2,0,0,0,0,1.85,121.68,158.05,330.89,7.918,334.08,15.48,158.18,0.77,6.654,1251.4,0.046,1.266914,31.8691,0.8774,266.653,0.740481,194,0,0,0.99,312.18,24.6,165.38,10.93,377.87,143.79
hcp,Na,1.1,1.55,0.018,0.21,0.194,11,2.7,0.55,23.78,3,1,5,22.99,166,97.7,5.14,47.29,71.8,227,0.93,83,5.3,28219,1173,371,2600,108019,1.11,158,1.41,2.11,51.3,0.55,10,6.3,3.3,2.75,1,0,0,1,1,0,0,1,0.62,8.21,2.52,6.86,37.178,14.34,5.14,1.8,3.253,0.023,93.78,0.3606,1.234227,0.4955,1.8036,0.2384,0.740481,229,0,0,0.43,13.03,7.72,1.38,3.85,16.95,2.66
hcp,Mg,0.9,1.13,0.102,0.59,1.498,12,3.45,1.6,14,3,2,11,24.31,141,128,7.64,15.03,78.2,173,1.31,98,3,24911.5,1376,922,8959.8,147375,1.51,400,1.56,2.33,32.67,-0.4,45,45,17,3.66,2,0,0,2,0,0,0,0,1.28,35.84,15.88,41.52,22.887,60.28,23.62,14.57,2.256,0.231,363.55,0.3069,1.24154,3.1388,1.5021,3.1204,0.740481,194,0,0,0.8,58.07,27.6,14.23,21.63,64.7,15.23
hcp,Si,0.68,0.74,0.37,1.38,8.073,14,4.7,3.38,8.6,3,14,80,28.09,111,359,8.15,16.34,33.46,210,1.9,157,2.2,19803.6,2890,1687,4647.4,439614,4.63,300,1.48,10,18.81,1.39,47,100,43.9,4.85,2,2,0,4,0,4,0,4,4,80.94,26.77,72.33,14.602,115.86,63.48,28.88,3.024,0.611,390.88,0.351,1.163119,4.9555,1.7388,2.9282,0.740481,227,0,0,0.11,113.14,75.05,33.79,57.7,121.28,19.05
hcp,K,1.54,2.15,0.016,0.11,0.095,19,2.25,0.27,45.63,4,1,4,39.1,203,76.9,4.34,31.81,45.9,275,0.82,87,6,29977.5,1049,336,2319.5,89974,0.93,91,1.02,1.39,64.68,0.5,3.42,3.1,1.3,2.3,1,0,0,1,1,0,0,1,0.6,3.62,1.25,3.37,74.018,6.18,2.34,0.98,2.893,0.006,92.63,0.345,1.227557,0.2445,1.701,0.1495,0.740481,229,0,0,0.4,5.75,3.14,0.82,1.94,7.05,1.31
hcp,Ca,1.32,1.68,0.026,0.47,0.42,20,2.55,0.75,26.2,4,2,10,40.08,176,155,6.11,11.87,51.21,231,1,163,3.3,26376.8,1762,1113,8666.7,176264,1.84,230,2,2.78,41.59,0.025,20,17,7.4,2.87,2,0,0,2,0,0,0,0,1.63,17.9,10.63,26.63,41.93,36.46,8.62,9.08,1.683,0.085,445.83,0.2519,1.207963,2.0442,1.2974,3.7526,0.740481,225,0,0,1.11,33.14,13.19,8.64,6.33,43.1,9.97
hcp,Sc,1.22,1.53,0.228,1.25,2.809,21,3.25,2.05,15.03,4,3,16,44.96,170,318,6.56,12.89,24.75,211,1.36,93,1.7,25162.7,2900,1814,16119.2,338293,3.9,360,0.16,0.21,34.64,0.188,74.4,56.6,29.1,3.4,2,0,1,3,0,0,9,9,2.79,56.4,33.8,84.51,24.47,104.93,32.13,32.25,1.669,0.46,827.07,0.2501,1.288921,6.9335,1.2917,12.1394,0.740481,194,0,0,1.98,104.8,37.7,31.6,29.35,105.18,33.55
hcp,Ti,1.15,1.43,0.41,1.96,4.387,22,3.8,3.51,10.58,4,4,47,47.87,160,425,3.83,13.57,28.14,187,1.54,568,1.1,25037.1,3442,1946,15491.2,472271,4.85,420,0.22,0.23,30.72,0.076,116,110,44,4.33,2,0,2,4,0,0,8,8,2.76,114.91,44.31,117.78,17.294,179.72,82.51,41.8,2.594,0.854,766.23,0.3291,1.263292,8.9081,1.6105,6.5867,0.740481,194,0,0,2.16,174.83,87.49,40.87,80.01,189.5,43.67
hcp,Mn,0.99,1.23,0.323,,6.048,25,4.45,4.17,7.35,4,7,56,54.94,139,220,7.43,15.64,33.69,197,1.55,579,0.71,26335,3292,1520,14653.8,293495,2.92,410,0.08,0.072,32.22,-0.5,198,120,76.4,4.1,2,0,5,7,0,0,5,5,3.08,286.44,114.25,302.53,10.754,473.44,192.95,101.83,2.507,3.541,1228.59,0.324,1.236509,22.4838,1.5834,18.1752,0.740481,217,0,0,2.66,446.86,244.59,102.18,167.12,526.61,101.13
hcp,Fe,0.95,1.16,0.107,3.19,11.344,26,4.93,5.55,7.09,4,8,59,55.85,132,347,7.9,16.18,30.64,194,1.83,3045,0.66,25078.9,3160,1811,15365.6,417843,4.28,470,0.8,1.02,27.28,0.153,211,170,82,4.5,2,0,6,8,0,0,4,4,3.95,291.61,179.3,446.41,10.179,555.37,159.73,168.58,1.626,5.872,1825.15,0.2448,1.266255,36.1352,1.2753,67.7897,0.740481,229,0,0,2.73,533.81,176.97,163.66,151.11,598.49,178.42
hcp,Co,0.92,1.1,0.326,2.34,6.55,27,5.1,5.36,6.7,4,9,62,58.93,126,375,7.86,17.05,33.49,192,1.88,920,0.58,24660.3,3150,1770,15240,425379,4.39,445,1,1.72,30.04,0.662,209,180,75,5,2,0,7,9,0,0,3,3,3.26,215.55,103.49,267.64,10.851,379.5,133.58,93.4,2.083,3.179,1123.01,0.2931,1.2393,20.4128,1.4432,23.8578,0.740481,194,0,0,2.13,363.41,168.18,91.3,116.27,411.67,97.61
hcp,Ni,0.96,1.22,0.144,2.04,3.562,28,5.2,5.36,6.6,4,10,65,58.69,124,378,7.63,18.15,36.16,163,1.91,505,0.57,26083.8,3110,1728,17626.4,424123,4.44,450,0.91,1.43,29.8,1.157,200,180,76,5.15,2,0,8,10,0,0,2,2,2.65,197.44,71.6,191.63,10.95,323.06,134.63,61.97,2.758,2.18,784,0.3382,1.217795,13.877,1.6606,9.415,0.740481,225,0,0,1.54,318.31,145.18,49.68,129.36,332.56,86.56
hcp,Cu,0.88,1.16,0.107,1.41,2.422,29,4.45,3.18,7.12,4,11,68,63.55,132,300,7.72,20.29,36.83,140,1.9,353,0.58,24492.8,3150,1358,13062.8,338712,3.49,343,4.01,5.88,33.15,1.236,130,140,48,4.51,1,0,10,11,1,0,0,1,2.09,139.74,45.91,124.14,12.043,222.94,98.14,38.37,3.044,1.271,552.91,0.3519,1.212103,8.8569,1.7446,4.9559,0.740481,225,0,0,1.27,213.94,122.66,34.73,85.88,240.95,45.64
hcp,Zn,0.82,1.06,0.112,0.44,2.177,30,4.1,2.3,9.17,4,12,71,65.39,122,119,9.39,17.96,39.7,139,1.65,115,0.72,20808.4,4598,693,7389.7,130879,1.35,327,1.16,1.69,41.63,-0.6,108,70,43,4.33,2,0,10,12,0,0,0,0,0.68,77.25,30.05,79.79,15.395,125.35,53.2,32.69,2.571,0.651,462.56,0.3047,1.070114,5.1173,1.6034,4.5454,0.740481,194,0,0,0.52,159.52,56.02,23.16,51.79,57.01,51.75
hcp,Ge,0.72,0.84,,,4.014,32,4.55,2.57,9.87,4,14,79,72.64,120,334,7.88,15.93,34.21,211,2.01,62,0.97,23404.2,3125,1211,31819.7,380161,3.85,374,0.6,0.000000145,31.09,1.233,109,59,45,5,2,2,10,14,0,4,0,4,0.55,64.55,13.13,36.9,19.501,87.23,53.29,11.43,4.915,0.225,256.14,0.4047,1.209444,2.5283,2.2169,0.5438,0.740481,225,0,0,0.29,85.24,62.88,11.55,48.5,91.23,11.18
hcp,Sr,1.42,1.79,0.018,0.35,0.289,38,2.4,0.59,33.93,5,2,9,87.62,195,137,5.69,11.03,43.6,249,0.95,92,2,27214.2,1630,1042,9211,163704,1.72,147,0.35,0.47,55.69,0.052,15.6,11.9,6.1,2.59,2,0,0,2,0,0,0,0,1.43,11.37,6.15,15.64,54.715,21.27,6.41,5.54,1.847,0.037,336.74,0.27,1.212804,1.188,1.3591,1.8036,0.740481,225,0,0,1.02,20.99,10.03,5.57,4.61,21.84,5.48
hcp,Y,1.32,1.62,0.185,1,2.177,39,3.2,1.77,19.9,5,3,15,88.91,190,380,6.38,12.23,20.5,219,1.22,98,1.1,25162.7,3610,1801,17165.9,376812,4.37,280,0.17,0.17,44.43,0.307,63.5,41.2,25.6,3.1,2,0,1,3,0,0,9,9,2.69,42.1,27.05,66.84,32.672,79.45,23.42,26.45,1.556,0.276,883.86,0.2354,1.289375,5.5514,1.2475,11.1707,0.740481,194,0,0,1.93,78,24.82,26.38,22.72,82.37,26.59
hcp,Zr,1.265,1.56,0.28,1.61,2.38,40,3.45,2.8,14,5,4,46,91.22,175,580,6.84,12.92,24.8,186,1.33,134,0.8,25162.7,4598,2128,22915.2,610435,6.25,291,0.23,0.24,39.18,0.433,68,98.4,33,4.05,2,0,2,4,0,0,8,8,2.73,96.59,33.09,89.09,23.441,152.22,68.78,29.17,2.919,0.471,775.6,0.346,1.24718,6.5676,1.7086,3.8823,0.740481,194,0,0,2.11,145.27,67.29,24.26,69.52,166.13,38.99
hcp,Tc,1.16,1.49,0.493,2.61,7.166,43,5.3,5.93,8.64,5,7,55,97.91,147,550,7.23,14.87,31.9,209,1.9,100,0.45,24283.4,4200,2477,23027.4,648954,6.85,440,0.51,0.7,32.99,0.55,322,281,123,4.9,2,0,5,7,0,0,5,5,4.18,300.89,140.5,364.73,14.627,509.88,196.39,131.42,2.142,3.202,2055.05,0.298,1.250389,27.9601,1.4634,30.6346,0.740481,194,0,0,3.09,491.41,222.43,129.89,183.37,546.82,134.49
hcp,Ru,1.145,1.46,0.931,2.88,15.885,44,5.4,6.13,8.2,5,8,58,101.07,146,580,7.36,16.6,30.3,207,2.2,763,0.43,23864.8,4500,2527,25539.5,667794,6.74,600,1.17,1.35,28.61,1.046,447,220,173,4.71,1,0,7,8,1,0,3,4,5.86,314.69,189.04,472.52,13.881,583.19,180.44,181.68,1.665,4.54,2624.06,0.2495,1.267813,38.1452,1.2902,68.2222,0.740481,194,0,0,3.09,558.89,188.47,179.92,176.43,631.78,185.21
hcp,Rh,1.11,1.41,0.246,,5.574,45,5.4,5.45,8.3,5,9,61,102.91,142,495,7.46,15.92,32.8,195,2.28,347,0.41,25581.4,3940,2236,21771.4,554332,5.75,480,1.5,2.08,31.56,1.143,275,380,150,4.98,1,0,8,9,1,0,2,3,3.39,257.22,99.78,265.08,14.255,426.76,172.45,89.23,2.578,2.333,1422.44,0.3282,1.240812,19.7056,1.6055,15.017,0.740481,225,0,0,1.63,423.88,163.23,68.68,177.06,432.51,130.33
hcp,Pd,1.08,1.37,0.02,,0.879,46,5.45,4.66,8.9,5,10,64,106.42,139,380,8.33,19.42,33,202,2.2,159,0.43,20808.4,3385,1827,16747.2,397327,3.89,274,0.72,0.95,37.82,0.562,121,180,44,5.12,0,0,10,10,0,0,0,0,2.51,170.12,45.38,125.02,15.601,258.04,126.16,38.39,3.749,0.97,707.92,0.3775,1.206737,8.7151,1.9363,3.2284,0.740481,225,0,0,1.39,259.43,137.01,26.99,120.74,255.26,61.21
hcp,Ag,1.045,1.33,0.073,,1.576,47,4.35,2.52,10.25,5,11,67,107.87,145,255,7.57,21.48,36.1,172,1.93,145,0.49,25497.6,2436,1235,11304.4,285121,2.95,225,4.29,6.21,42.55,1.3,83,100,30,4.26,1,0,10,11,1,0,0,1,1.77,94.53,25.43,70.01,18.014,140.15,71.73,21.38,3.717,0.471,458.11,0.3766,1.216604,4.9241,1.928,1.8403,0.740481,225,0,0,1.01,133.73,84.9,19.86,65.14,152.99,24.41
hcp,Cd,0.985,1.23,0.028,0.22,0.503,48,4.05,1.91,13,5,12,70,112.41,144,100,8.99,16.9,44.5,158,1.69,110,0.6,20808.4,1043,594.3,6070.9,112206,1.16,209,0.97,1.38,51.8,-0.7,50,42,19,4.22,2,0,10,12,0,0,0,0,0.44,45.86,16.54,44.3,23,76.76,36.56,16.62,2.772,0.24,380.5,0.339,1.066303,2.8075,1.6649,2.1529,0.740481,194,0,0,0.25,93.21,40.67,11.79,34.5,43.85,26.27
hcp,Cs,1.71,2.6,0.003,0.07,0.021,55,1.95,0.17,69.23,6,1,2,132.9,244,64,3.89,25.1,34.6,343,0.79,113,2.7,31401,959,302,2135.3,77037,0.8,38,0.36,0.5,85.23,0.472,1.7,1.6,0.7,2.14,1,0,0,1,1,0,0,1,0.49,1.89,0.71,1.88,116.615,3.18,1.25,0.61,2.683,0.002,82.34,0.3341,1.228849,0.1381,1.638,0.0981,0.740481,229,0,0,0.35,3.2,1.41,0.46,1.17,3.15,0.9
hcp,Ba,1.515,1.887,,0.31,0.267,56,2.32,0.53,38.1,6,2,8,137.33,215,140,2.81,10,37,268,0.89,223,1.5,28302.8,1907,983,7661.8,174589,1.9,110,0.18,0.26,62.5,0.145,13,9.6,4.9,2.7,2,0,0,2,0,0,0,0,1.51,8.43,3.83,9.97,62.475,16.22,4.54,3.82,2.203,0.02,239.05,0.3027,1.218032,0.7418,1.4841,0.7887,0.740481,229,0,0,1.15,13.93,10.42,4.85,1.59,20.79,1.76
hcp,La,1.375,1.705,0.042,0.73,0.634,57,3.17,1.64,22.55,6,3,14,138.91,207,400,5.61,11.43,19.17,240,1.1,293,0.83,27842.2,3643,1194,11304.4,418680,4.47,142,0.14,0.13,56.9,0.558,37,28,14,3.5,2,0,1,3,0,0,9,9,1.17,26.43,11.06,29.13,37.256,43.74,17.93,10.42,2.388,0.099,412.19,0.3163,1.235046,2.1747,1.5455,1.9394,0.740481,194,0,0,1.09,43.06,13.89,8.34,19.95,45.1,14.59
hcp,Ce,,,0.03,,0.505,58,3.18,1.69,21.62,6,4,18,140.12,204,350,6.54,12.31,19.87,235,1.12,133,0.63,26963,3743,1072,9211,314010,4.32,179,0.11,0.12,69.45,0.57,34,22,14,2.9,2,0,1,4,0,0,9,22,1.68,32,25.43,60.31,26.627,79.32,9.19,24.87,1.259,0.318,677.05,0.1859,1.151811,4.6612,1.1219,16.0514,0.740481,194,1,13,1.58,80.85,-11.89,14.13,19.74,76.28,46.37
hcp,Pr,,,0.03,0.83,0.535,59,3.19,1.73,20.79,6,5,20,140.91,203,330,5.76,11.54,20.96,239,1.13,244,0.8,27004.9,3290,1205,10048.3,356297,3.7,152,0.12,0.15,73.93,0.109,37,29,15,2.96,2,0,0,5,0,0,0,11,1.73,32.19,15.15,39.29,36.397,54.55,21.38,14.39,2.124,0.139,551.5,0.2966,1.226654,2.9581,1.4576,3.3572,0.740481,194,3,11,1.6,51.33,17.97,13.24,23.08,61,16.68
hcp,Nd,,,0.031,0.87,0.547,60,3.19,1.73,20.58,6,6,22,144.24,201,285,6.31,12.09,20.51,229,1.14,117,0.77,27507.3,3384,1290,10885.7,321128,3.4,163,0.16,0.17,71.09,0.097,41,32,16,3.2,2,0,0,6,0,0,0,10,1.89,33.49,16.22,41.89,35.386,56.88,22.2,15.67,2.065,0.153,573.83,0.2915,1.232894,3.182,1.437,3.8025,0.740481,194,4,10,1.64,54.03,17.51,14.37,24.55,62.59,18.26
hcp,Pm,,,0.033,0.86,0.548,61,3.19,1.77,20.25,6,7,24,145,199,290,5.9,11.7,22,236,1.155,58,0.73,27214.2,3473,1300,12560.4,293076,2.77,166,0.15,0.18,70.29,0.129,46,33,18,3.1,2,0,0,7,0,0,0,9,1.99,35.13,17.46,44.94,34.517,59.99,23.02,16.99,2.012,0.169,602.71,0.2868,1.245913,3.4625,1.4185,4.3132,0.740481,194,5,9,1.68,57.85,18.12,15.55,25.46,64.26,19.87
hcp,Sm,,,0.041,0.88,0.623,62,3.2,1.77,20.01,6,8,26,150.36,198,175,5.56,11.4,24,229,1.17,503,0.69,28302.8,1943,1346,11095,209340,2.14,169,0.13,0.1,69.5,0.162,50,38,20,2.85,2,0,0,8,0,0,0,8,2.04,35.96,18.32,46.99,33.905,61.85,23.32,17.94,1.963,0.18,621.27,0.2822,1.251148,3.6487,1.401,4.7568,0.740481,166,6,8,1.69,60,17.85,16.37,26.06,65.54,21.08
hcp,Eu,,,0.058,0.49,0.827,63,3.2,1.77,19.97,6,9,28,151.96,198,175,5.61,11.24,24.56,233,1.185,272,0.97,26795.5,1703,1091,10467,182544,1.86,118,0.14,0.11,80.79,0.116,18,8.3,7.9,2.5,2,0,0,9,0,0,0,7,2.11,12.24,3.5,9.58,44.456,23.96,6.38,4.6,3.497,0.026,155.54,0.3695,1.211872,0.6748,1.8701,0.2861,0.740481,229,7,7,1.72,18.64,18.03,6.74,0.55,34.61,0.31
hcp,Gd,,,0.083,0.86,1.095,64,3.2,1.77,19.9,6,10,30,157.25,196,305,5.98,12,23,237,1.2,206,0.65,36508.9,3073,1587,15491.2,216457,4.14,200,0.11,0.07,67.95,0.137,55,38,22,3.17,2,0,1,10,0,0,9,16,2.3,38.82,21.98,55.47,32.652,70.59,23.16,21.02,1.766,0.224,717.65,0.2618,1.268575,4.4375,1.3289,7.0471,0.740481,194,7,7,1.77,67.63,19.72,19.55,24.88,76.52,23.95
hcp,Tb,,,0.114,0.96,1.476,65,3.21,1.82,19.32,6,11,32,158.93,194,295,6.74,12.52,22.04,221,1.21,129,0.63,27381.7,2743,1632,16328.5,301450,4.05,176,0.11,0.09,73.3,0.131,56,38.7,22,3.15,2,0,0,11,0,0,0,5,2.4,39.72,23.81,59.53,32.145,74.09,22.75,22.72,1.668,0.247,765.38,0.2502,1.275974,4.8354,1.2916,8.5567,0.740481,194,9,5,1.8,70.06,21.06,21.83,23.6,82.16,24.5
hcp,Dy,,,0.149,1,1.852,66,3.21,1.82,19,6,12,34,162.5,192,280,5.8,12.6,21.83,229,1.22,117,0.61,27256.1,2603,1684,17165.9,298100,3.04,210,0.11,0.11,75.56,0.352,61,41,25,3.25,2,0,0,12,0,0,0,4,2.51,39.94,24.6,61.23,31.665,73.36,23.77,24.55,1.623,0.259,779.05,0.2445,1.283631,5.0262,1.2741,9.3347,0.740481,194,10,4,1.85,68.49,18.91,24.43,26.2,83.09,24.79
hcp,Ho,,,0.183,1.01,2.157,67,3.22,1.82,18.76,6,13,36,164.93,192,265,5.85,12.7,22.1,216,1.23,58,0.59,27256.1,2763,1745,17165.9,314010,3.14,190,0.16,0.13,75.02,0.338,65,40,26,3.22,2,0,0,13,0,0,0,3,2.53,42.94,27.73,68.45,31.202,80.53,24.28,27.5,1.549,0.296,865.18,0.2343,1.289487,5.6906,1.2444,11.5629,0.740481,194,11,3,1.86,77.17,22.98,27.7,24.93,87.26,27.1
hcp,Er,,,0.208,1.04,2.472,68,3.22,1.86,18.45,6,14,38,167.26,189,285,6.11,12.5,23,235,1.24,79,0.57,28135.3,2693,1797,17165.9,293076,3.29,188,0.14,0.12,73.18,0.312,70,44,28,3.25,2,0,0,14,0,0,0,2,2.66,45.48,30.31,74.41,30.683,87.39,24.52,29.61,1.5,0.329,930.15,0.2273,1.292287,6.235,1.2248,13.4703,0.740481,194,12,2,1.91,85.77,25.66,29.39,23.96,90.65,30.06
hcp,Tm,,,0.23,1.06,2.703,69,3.22,1.86,18.12,6,15,40,168.93,190,250,5.85,12.4,24.1,227,1.25,163,0.56,27004.9,1993,1820,18421.9,242834,2.42,200,0.17,0.16,74.02,1.029,74,45,31,3.1,2,0,0,15,0,0,0,1,2.75,45.78,30.99,75.84,30.3,90,23.67,29.67,1.477,0.341,938.88,0.2239,1.292416,6.3736,1.2154,14.1977,0.740481,194,13,1,1.92,89,27,29,22,92,31
hcp,Yb,,,0.025,0.45,0.434,70,3.22,1.86,17.97,6,16,42,173.04,187,160,5.9,12.1,25.61,242,1.26,159,0.73,25120.8,1593,1098,9211,167472,1.6,120,0.35,0.38,59.83,-0.02,24,31,9.9,3,2,0,0,16,0,0,0,0,1.19,15.2,9.89,24.37,40.991,29,8.33,9.67,1.537,0.08,405.23,0.2327,1.208356,1.9012,1.2399,4.1834,0.740481,225,14,0,1.19,29,11,10,7,29,9
hcp,Lu,,,0.25,1.11,2.849,71,3.22,1.91,17.77,6,17,44,174.97,187,415,6.15,14.7,21.83,221,1.27,82,0.53,27004.9,3273,1938,19259.3,319871,4.43,210,0.16,0.19,50.96,0.239,69,48,27,3.3,2,0,1,17,0,0,9,9,2.86,47.4,31.81,77.99,29.432,92.77,24.77,30.52,1.49,0.36,936.28,0.2258,1.288644,6.5245,1.2206,14.3301,0.740481,194,14,0,1.93,92.8,29.3,29.9,22.5,92.7,31.75
hcp,Hf,1.3,1.61,0.437,1.87,5.084,72,3.6,3.05,13.45,6,4,45,178.49,175,630,5.5,14.9,21,212,1.3,151,0.39,25539.5,3473,2504,21771.4,607086,6.44,252,0.23,0.33,43.56,0.178,78,110,30,3.9,2,0,2,18,0,0,8,8,3.44,110.19,55,141.47,22.407,188.39,71.1,52.8,2.003,0.818,1232.5,0.2859,1.265975,11.0827,1.4154,13.7054,0.740481,194,14,0,2.31,183.63,71.13,51.07,71.08,197.9,56.25
hcp,Re,1.19,1.49,0.641,2.97,10.65,75,5.2,6.33,8.85,6,7,54,186.21,151,705,7.87,16.6,26,217,1.9,283,0.25,25707,5915,3459,33075.7,776233,8.03,430,0.48,0.54,36.53,0.06,463,370,178,4.87,2,0,5,21,0,0,5,5,5.33,372.5,166.33,434.35,14.993,633.55,241.98,150.55,2.239,3.698,2493.86,0.3057,1.239061,32.8017,1.4965,33.166,0.740481,194,14,0,3.66,613.07,279.87,142.52,223.03,674.52,166.6
hcp,Os,1.17,1.48,1.264,3.38,21.767,76,5.4,6.33,8.45,6,8,57,190.2,144,630,8.7,17,25,216,2.2,346,0.23,24911.5,5573,3306,29307.6,730597,8.17,500,0.88,1.1,32.64,1.078,560,462,222,4.83,2,0,6,22,0,0,4,4,7.19,405.76,256.14,634.85,14.361,758.71,229.29,250.94,1.584,5.945,3678.54,0.239,1.267871,51.6866,1.2586,102.0706,0.740481,194,14,0,3.55,729.63,229.96,251.49,228.96,816.86,249.84
hcp,Ir,1.16,1.468,0.34,,6.652,77,5.55,6.13,8.52,6,9,60,192.22,141,560,9.2,17,27,202,2.2,169,0.23,25120.8,4450,2720,26376.8,633463,6.94,420,1.47,1.96,35.51,1.564,528,320,210,5.27,2,0,7,23,0,0,3,3,3.63,344.93,132.38,352.11,14.681,585.59,224.6,118.39,2.605,3.006,1943.58,0.3298,1.233698,25.9936,1.6142,19.501,0.740481,225,14,0,1.32,588.68,200.39,80.51,236.7,579.41,194.14
hcp,Au,1.21,1.45,0.033,,0.952,79,5.15,3.87,10.2,6,11,66,196.97,136,330,9.22,20.5,30,166,2.54,147,0.27,25413.9,3120,1336,12372,787118,3.81,165,3.17,4.55,47.49,2.309,78,180,27,5.1,1,0,10,25,1,0,0,1,1.32,142.39,22.19,63.28,18.223,184.21,121.47,18.2,6.417,0.406,404.33,0.4257,1.194079,4.2167,2.5332,0.5388,0.740481,225,14,0,0.63,185.66,138.95,15.63,112.74,181.3,23.36
hcp,Hg,1.07,1.34,0.34,0.07,0.218,80,4.2,1.91,14.08,6,12,69,200.59,132,59.2,10.43,18.75,34.2,155,2,131,0.36,28009.7,630,234.3,2298.6,61378,0.67,71.9,0.08,0.1,75.9,-0.5,12,13,4.6,4.48,2,0,10,26,0,0,0,0,0.19,13.31,4.58,12.32,30.754,19.68,10.22,4.64,2.906,0.05,140.83,0.3457,1.282258,0.9345,1.7048,0.5421,0.740481,166,14,0,0.13,17.92,10.72,5.16,9.97,23.2,3.6
hcp,Tl,1.015,1.22,0.174,0.26,0.792,81,3.9,1.4,17.23,6,13,72,204.38,145,165,6.11,20.42,29.8,196,1.62,80,0.43,26335,1745,577,4270.5,180032,1.88,78.5,0.46,0.61,64.3,0.32,8,43,2.8,3.84,2,1,10,27,0,5,0,5,0.8,30.53,4.58,13.09,31.252,39.49,26.29,4.1,6.665,0.049,143.16,0.4286,1.275612,0.93,2.5817,0.1031,0.740481,194,14,0,0.53,34.86,29.23,4.74,24.83,48.73,2.82
hcp,Pb,0.96,1.13,0.009,0.26,0.233,82,4.1,1.52,18.28,6,14,77,207.2,146,178,7.42,15.03,31.93,202,2.33,104,0.45,26460.6,2024,600.7,4777.1,196361,2.03,105,0.35,0.48,64.8,0.357,16,46,5.6,4.25,2,2,10,28,0,4,0,4,1.07,63.9,15.92,44.09,31.811,94.29,48.7,12.97,4.014,0.167,506.38,0.3849,0.979696,2.482,2.0035,0.988,0.740481,225,14,0,0.63,92.17,58.64,11.07,43.73,98.52,16.76